{"batch_size": 1, "degrees": 1, "gamma": 0.005, "max_iters": 1000, "num_batches": 1, "weights": [0.36794694856160604, 0.02019618822233558, -0.08943546543441287, -0.028456441446321562, 0.013639205758537817, 0.043394677993626535, 0.09609679466073714, -0.03316010111870742, 0.06322098028901658, 0.020531611447859557, 0.055450294118362255, -0.0844151386289186, 0.03165686793459578]}