{"batch_size": 1, "degrees": 2, "gamma": 1e-06, "lambda_": 0, "max_iters": 3000, "num_batches": 1, "weights": [-1.2204163504310044, 2.3068439895002575, 0.2245452888367179, 1.9742120730194135, 0.4436388351707122, -0.59825738241374, -0.16597466295963703, -0.1518556858973323, 2.249494832374361, 0.22674908791162568, 0.4263034087300756, -0.23861775045018077, 0.27257444813035187, -1.8531316783885505, -0.30418943480478766, -1.420986207238439, 0.17158378657843074, 0.3540505012816513, 0.20070812059879747, 0.22637836430982125, -1.2745810710626324, -0.08688771570503617, 0.1330110209244364, 0.01009448594303525, 0.00038025846667242425, 0.8459193346339205, -0.28576255780020654, -0.5023477922086298, 0.3122245683831588, -0.16365798522266609, -0.006521667630671502, -1.2360335594483458, 0.22827742801351086, 0.23299424417251757, -0.16510748051592872, 0.5833380882267621, -1.2901106585558995, -0.01797829525340049, 0.3632054404354164, 0.07187321993301309, 0.18831232959013453, -1.7050048756396312, 0.022747493903227983, 0.26980946549947465, -0.10608317326444591, 0.0838332079241306, -0.012007871223504973, 0.00028917846381215114, 0.21028713478294028, 0.02935676509176979, -0.08709990528654474, 0.07094680976514942, 0.052418629870431416, -0.042224845193277724, 0.38851932891976854, -0.1405340291298676, 0.14780366088124622, -0.34090043236425616, 0.36462390195937744, -0.240760863097086, -0.013561837418972314, 0.04042003678602046, 0.003998890290701367, -0.026856422274590716, -0.12241437094393287, 0.065212140202173, 0.13364011272069912, -0.14161782775119114, 0.006190427263047548, 0.169606495760423, -0.10130473480455532, 0.04845718589695679, 0.005955003537363515, -0.058400593818911946, -0.0200505825334745, 0.026142804836645328, -0.4638476663050822, -0.11911359638872954, -0.1657476728323034, -0.33455046698525726, -0.5867699100939542, 0.23142958727406038, -0.12882094434677793, -0.0351688734424934, -0.1303978031320621, -0.6821473406510346, 0.07608457154989971, -0.34740409877045475, 0.2589728578699825, 0.09816338655534325, 0.16916590318787117]}