{"degrees": 2, "gamma": 0.005, "max_iters": 1000, "weights": [0.3403878978949985, 0.04484213258699949, -0.057240842927047494, 0.031017806735695725, 0.013339412660663791, 0.0005783792971164966, -0.0053992739475525455, 0.003739072493923907, 0.05857936021810583, -0.008047629006873143, 0.00633630945654477, -0.04415312822357381, 0.014608494562910895, -0.038683129895215745, -0.020248675778370605, -0.030552413514309876, 0.015257234665271494, 0.025678893411182357, 0.007009718642533433, 0.009243660153037604, -0.017333015806806264, 0.0008118391549805563, 0.0046747575035776855, -0.006426755783202721, -0.0008604281578647768, 0.056220502988635145, -0.01111260435830768, -0.00915178664974297, -0.02961750941774531, -0.0022676904040957466, -0.01478472342923973, -0.07181474877159962, 0.020776488761274543, 0.020978905388132192, 0.019272701645568966, 0.030357183138826484, -0.02649207428716414, 0.013039692520930688, 0.018850932772723854, 0.004766041236344989, 0.009770933465398333, -0.029090740588756037, 0.00129224881941967, 0.00881443886908516, -0.003231276067290286, 0.0019472212902425132, 0.003040489818425818, 0.008662947170597882, 0.002072660344031099, -0.0010134923630512865, 0.013718332032590106, -0.009203437047883496, -0.002567860544185171, 0.006189582614395462, 0.04143943139745569, 0.009014194895680326, 0.00518607631959575, -0.008375166034686138, 0.03575581601894693, -0.008626149919051251, 0.0106221419677493, -0.015945634685846755, 0.008996190503107002, -0.0041550733102808735, -0.0014893906053322357, 0.010879777932465686, 0.003588169796351771, -0.010532379406417179, 0.00021547820113404625, -0.0020632524577855987, 0.008784903161367983, 0.005670707491128742, 0.0030300379910695235, -0.0014650792472992342, -0.011059174567563262, 0.0029016338230047865, 0.0133435910835121, -0.010794230597220086, 0.015023532903031963, -0.03355306861431707, -0.008169358559753228, -0.0027013364634467826, -0.00822765143646263, -0.002071107632386147, -0.025493355763338024, -0.027221544755504187, 0.004131043540506223, -0.01127795937446361, 0.016865596603703337, 0.007823510396639331, 0.03109130134841911]}