{"degrees": 2, "weights": [0.34266800000026193, 0.22699148931117194, 0.10252813025249821, 0.1377736969514813, 0.16218301316336786, 0.07209844853752902, -0.12598192154304033, 0.03757682115052395, 0.35089617885315105, 0.014694808919595521, 0.07449478859533958, -0.045519819455297754, 0.06766870734483518, 0.03142298751685148, -0.014999167470528041, 0.03826649695594461, -0.006879995681126274, -0.059359932711369946, 0.11432816478118056, 0.026402465765688145, -0.29186138209385315, 0.00218549024939054, -0.13405855012377657, 0.04345112606308656, -0.012181148276210477, 0.06980730592580818, 0.05589203529493162, -0.049828970461081826, 0.016438895631477764, -0.00398841401917544, -0.0019549871943856617, -0.30148433090590504, 0.03274544955482004, -0.026913192567998723, 0.011736065150719488, 0.06812175084486757, 0.059398613336083025, 0.006777900113869442, 0.008176669429221173, -0.00623243547984911, 0.005818644905688652, -0.30970036372733833, 0.025937046275632907, -0.06203494501068665, 0.0703505308271156, 0.03752914536118556, -0.11198602155390182, 0.02433968496885015, -0.04215532712212119, -0.0016962105705078214, -0.027063869461254, -0.02639441273690432, 0.11547466260085915, -0.030646725170906906, 0.08462045211644587, -0.08492788633991659, 0.24131254027295648, -0.10667712551221337, 0.06037062731195305, -0.04333766126428804, -0.05371981029416507, -0.0052937088905080166, 0.009225275059697792, -0.02447918255269941, 0.14132718605060812, -0.042046170082424145, 0.021209701581154896, 0.03045183715445287, 0.02342169797867, 0.004706456565084591, -0.009362497440896627, -0.014203139380998514, 0.0004641430576833426, -0.033015392712563874, 0.0026100681572854677, 0.0012588850362099976, 0.03932147436584611, -0.03661680824061306, 0.09913332429295085, -0.1361374948887962, -0.08352873566314212, 0.10813078139161975, -0.025240659747006775, -0.001298932437822549, -0.02467554511555252, -0.06533534500663973, -0.014713979027696935, -0.06738024590215413, 0.04716935298479704, -0.012865542340719505, 0.02305749514537658]}