{"batch_size": 1, "degrees": 2, "gamma": 1e-07, "max_iters": 2500, "num_batches": 1, "weights": [-0.9059268417842231, 0.49777907311177044, -0.27779222986481306, 0.4088912977880824, 0.06389266142421941, -0.13489284495980955, -0.08323842259884941, 0.04556553407306819, 0.5536276991216381, -0.012297908216111013, 0.0544083427847528, -0.27651891174024096, 0.02300313113292615, -0.5164276306717615, -0.20904426774123872, -0.4468244607387978, 0.1418736730180277, 0.22046704427761715, 0.10801484717574457, 0.062420257339643785, -0.22851492649579064, 0.028159902255010652, 0.03382569646908488, -0.06512368576495704, -0.0016648188382004528, 0.4229163770205739, -0.16397025879229607, -0.07513298619826524, -0.10192128202792058, -0.023648424697214225, -0.09801187878902953, -0.4835079112389234, 0.21840613586965374, 0.16435107191436138, 0.051895016587178426, 0.321799460472996, -0.42444870195222445, 0.13976492051391948, 0.19964806360363982, 0.09600386182367804, 0.06405324941254491, -0.3365266680102741, 0.020484234175180097, 0.06606307872723434, -0.05903273067273357, 0.028029587843740014, 0.04934742284102153, 0.004754771420362559, 0.029041356764848352, -0.012398319394333966, 0.05425739251031335, 0.010466353908955629, -0.030883058317461895, 0.05799544065097207, 0.2838123458917753, -0.029336580745296457, 0.06274929158120682, -0.0577643831144002, 0.22288977084200884, -0.0796402312209639, 0.026149665198163474, -0.09099368621011246, -0.01858147621245676, 0.06572111697046698, -0.10738549479539702, 0.06864979246163057, -0.006542478046434083, -0.10586552903420515, -0.0008425065089068052, -0.008121019750627253, 0.03515247294620806, 0.05258232373844568, 0.03165923841888336, -0.0037549921665145647, -0.08872947254830883, -0.014944175841627536, 0.04581799203621126, -0.09243682172926337, 0.07511292194926018, -0.21011168020422008, -0.14795162170210224, 0.06063261987031483, -0.05432289699330145, -0.012941516356428925, -0.13126573488802226, -0.2538271091542956, 0.044690787376282716, -0.14756583674712376, 0.12127824839956004, 0.15462692646684773, 0.1639577399359523]}