{"degrees": 2, "lambda": 0.001, "weights": [0.34198403193598526, 0.19463984680541266, 0.06481678150223091, 0.132979604399249, 0.12178139816306073, -0.008264350479251519, -0.04172069615757839, 0.010399489220477552, 0.3116071246863559, 0.011048877373313708, 0.06500293762204097, -0.04698096095369897, 0.05561217833587753, 0.005483282331857399, -0.012990788620235396, 0.02690446635082393, -0.011809414437662973, -0.025083365148206537, 0.0681048919820375, 0.020761890222685268, -0.23523347551051596, 0.0045392524647241165, -0.09453313876288437, 0.03584444334344207, -0.007723523233747983, 0.07519873397811644, 0.04537889764655281, -0.041848224994038924, 0.02009779439446067, -0.003188315860233385, -3.0200396204413023e-05, -0.26997369695924345, 0.03772658986880059, -0.02548540409528321, 0.01139405940568983, 0.0664827499859441, 0.045081207663248614, 0.013969400640577861, -0.015422736977656658, 0.00820939311204311, 0.0027084505285381523, -0.26142463533846594, 0.015703521459055774, -0.04799816963185612, 0.0569759299144125, 0.028509326089540207, -0.05001423597750254, 0.008869044106189104, -0.01479042996454527, 0.0011825708923487131, -0.008930728089580616, -0.01802493953169152, 0.05176537218329506, -0.026524955269758344, 0.08245499577849263, 0.007893614689401359, 0.057456365694626865, -0.0584164230218398, 0.07299332159127794, -0.04419351737001718, 0.0014415214361705312, -0.006340205998617667, 0.012972701550363133, -0.017065614623351315, 0.04533893536347651, -0.020778872737841445, 0.020002733717239568, 0.00793693493249707, 0.018171844698312217, 0.0038170764868637264, -0.010071296533762897, 0.00617623343856452, -0.00045399359269223115, -0.015491274073204633, -0.0006185682911835908, 0.0021385363377415204, 0.012517427312455075, -0.027733151657417843, 0.05750249360971918, -0.11740017796581242, -0.07136420453061205, 0.04957350900516675, -0.012306631013296505, -0.0023332595720179363, -0.02589535606194541, -0.05858797993731713, -0.008623165447069286, -0.06163483855333747, 0.045106092957427284, -0.01277550904682655, 0.023983101861956287]}