{"batch_size": 1, "degrees": 2, "gamma": 0.0002, "lambda_": 0.0001, "max_iters": 2000, "num_batches": 1, "weights": [-1.87049551819772, 4.506483919192315, 0.9356395860439691, 3.8855719615501227, 0.6285855521563538, -0.4378499700679574, -1.1808498658407796, -0.21292495459160418, 3.270283067307156, 0.47157939726298187, 0.7214799302420627, -0.6730211618060334, 0.6460208738929972, -4.070377931193476, -0.5512297319099215, -2.471192247084648, -0.0586482929149199, -0.11745427898231359, 0.1427023569816696, 0.5759691772180199, -2.179941850204169, -0.3149172155201271, 0.14827214961902463, -0.1443127979114277, -0.27169759270176297, 0.9167477262438131, -0.8580216043743277, -0.8020190388654965, 0.21435861381815005, -0.3793312224146293, -0.1994171113687233, -1.7428695117097124, 0.2584536685433504, 0.7416944714119671, 0.07259872244720351, 0.714342225169384, -3.1134100599680807, -0.558207103069376, 0.6580813323864786, 0.4222012918930092, 0.29711868812940384, -2.75099141670009, -0.11226844912714534, 0.15310199250893375, -0.14865575769503256, 0.2512904044626639, 0.028762788038181244, -0.1517919810424844, 0.24338655999328704, -0.026639200844420903, 0.10340290744397353, 0.5774003775554983, 0.013071930089176599, 0.2961422790048043, 0.26888096948084866, 0.05627949158453051, -0.08822570350225818, -0.6446303358719494, 0.5486378085079036, -0.32815038540758035, 0.32985301491075186, 0.0684185119547633, -0.17365657902218973, 0.19589099780328295, -0.48823225698328737, -0.001156618409843795, 0.3045308543222585, 0.07686644013240693, 0.3363956092897796, -0.04026347772793941, -0.37618778996586316, -0.08274632613893974, -0.04269546214642138, 0.3188852989935164, 0.20161607857698835, -0.20428847124974298, -0.9659092045924637, -0.05613106907818132, -0.42084058848783834, -0.002013994737860847, -0.7644267351943373, 0.14096089629975841, -1.0303781514488555, -0.13836898576067447, -0.1461076314532678, -0.8450217065038546, 0.08072302019012126, -0.09783605479470525, 0.113102924172288, -0.0016087814007543152, 0.2606788574774664]}