{
  "sgd": {
    "epsilon": [
      0.000001
    ],
    "gamma": [
      0.00000000000001
    ],
    "num_batches": [
      2,
      6
    ],
    "batch_size": [
      2
    ],
    "degrees": [
      2
    ]
  },
  "gd": {
    "epsilon": [
      0.000001
    ],
    "gamma": [
      0.00000000000001
    ],
    "degrees": [
      1,
      2
    ]
  },
  "least_squares": {
    "degrees": [
      1,
      2
    ]
  },
  "ridge": {
    "degrees": [
      1,
      2
    ],
    "lambda": [
      0.05,
      0.1,
      0.15,
      0.2,
      0.25,
      0.3,
      0.35,
      0.4,
      0.45,
      0.5,
      0.55,
      0.6,
      0.65,
      0.7,
      0.75,
      0.8,
      0.85,
      0.9,
      0.95
    ]
  },
  "logistic": {
    "max_iters": [
      100
    ],
    "threshold": [
      100
    ],
    "gamma": [
      0.00000000000001
    ],
    "batch_size": [
      2
    ],
    "num_batches": [
      2,
      6
    ],
    "degrees": [
      1,
      2
    ]
  },
  "regularized_logistic": {
    "max_iters": [
      100
    ],
    "gamma": [
      0.00000000000001
    ],
    "num_batches": [
      2,
      6
    ],
    "batch_size": [
      2
    ],
    "degrees": [
      1,
      2
    ],
    "lambda_": [
      0.1
    ]
  }
}