{"batch_size": 1, "degrees": 2, "gamma": 1e-05, "max_iters": 2500, "num_batches": 1, "threshold": 1e-09, "model": "logistic", "weights": [-1.2963621447826836, 0.4688725599594547, -0.10024570679295632, 0.19442362181423567, 0.13030313872350424, -0.2789399133906948, -0.18097035468468337, -0.004144534764601356, 0.5761372745383417, 0.03662295016921405, 0.14066961928195187, -0.2556211269265602, 0.04469854849113687, -0.15146606791066541, 0.45921121233699624, 0.01400873557516589, 0.04183748167654833, 0.33507482589663967, -0.03971448082915498, 0.069330503370893, 0.14885470183213717, -0.05381619273365324, 0.05963656682281226, 0.03863409117450491, -0.020612608358910243, -0.010745771915826987, 0.028447913878686577, -0.1844523998400689, -0.06794231820554986, 0.004531828895635083, -0.002548355550749967, -0.5862577655279098, -0.3096920728098358, -0.5208452780971063, 0.19242734437605058, 0.0070494401218331925, 0.09690311991486823, 0.04357998892427102, -0.3098757147171586, -0.06559094297944229, -0.036303012152132254, -0.060805328389790414, 0.07966294012901216, 0.11018935747390686, -0.0696481436536985, -0.07019053833518432, -0.0564915981552426, -0.20756868880342322, 0.021867172150422366, -0.10113354922956194, -0.38592371058991376, 0.012759272854845011, 0.0394728047151943, 0.16898816015929485, 0.14857990441702554, -0.1953391109542023, 0.08015573942453474, 0.23617657956008095, 0.031355149314426185, -0.05755234495919431, 0.05634794523518823, 0.41201047343505837, -0.38211443323111344, -0.20753298084462898, -0.024591550539268973, -0.05020385260290329, -0.11530181365720481, -0.4697568717186786, 0.2120490574708645, 0.06772443565048802, 0.10621258575869111, 0.19150921008637592, -0.15062864167565848, 0.2173700941311781, -0.07676814914616055, 0.03684956483025797, 0.23807570459095362, 0.04878354953636787, -0.07861786155207577, 0.3302531955734179, 0.013906572513656661, 0.05315496701986635, 0.08028384020302962, -0.18654360843060844, 0.04598956975805795, -0.10102207412136897, -0.16088400490994859, 0.017982495567927574, -0.00774264940177828, -0.09309756630875876, -0.5959308927119377, 0.12402297329056157, -0.06520787621307744, 0.07570884027008715, -0.001806576620766361, -0.43628094732561956, -0.13691145344198458, -0.14121046108117952, -0.1498360995620325, 0.09710497485108271, -0.07060631682526586, -0.23013073377486828, -0.043576175211597235, -0.041414894440684594, -0.3804028460845783, -0.03577534017412335, -0.13180195990180607, -0.43010950248655133, 0.013609439830999596, -0.0015965371751016817, 0.26668318515345263, 0.04394260209918666, 0.0018295583518958042, -0.010608015772104311, -0.006888026866552845, 0.0608454032770003, 0.0595613762436849, 0.0537491228564712, -0.040905136808739195, -0.02439310987382144, 0.010950797914398703, 0.06290294260766321, 0.4458457517042159, 0.12308578769413378, 0.006171048278889013, 0.046558578246039095, 0.42041785017630723, -0.09806897445435972, -0.17096438617035145, -0.07270336333339361, -0.11929191767176052, -0.07790663248076528, 0.07768140243891236, 0.04926487113347397, -0.025365332218430403, -0.07693316129188477, -0.05323960861917985, -0.004548559717485652, -0.019779887472368234, 0.127085135346537, -0.035615318546015275, 0.1780569884181152, -0.09760767251631204, -0.007087032862630087, 0.06645722978750179, -0.015680620973661994, 0.013093344681526037, -0.09505404099484902, 0.16296597755399916, 0.029284033671494535, 0.07899667326281049, -0.16009549685966262, -0.03804097930120016, 0.23380062801449597, 0.12302728645633573, 0.04675309827942437, -0.07430843311841571, 0.15405937320822954, -0.00037862855302421566, 0.07316971675436754, -0.02455171615662754, -0.10546864878077741, -0.009478769818909556, -0.15192482038936397, -0.010447040191993192, 0.04628206689125479, 0.14120806690930873, -0.07733397015038562, 0.007755886831032212, -0.11394028535648838, 0.03578842954713161, 0.05533473828213389, -0.06957486552556068, 0.08880547633764134, 0.042164242043133, 0.03597955782235791, -0.007606965089752699, -0.1297561521784745, 0.10555914442925625, 0.027048273812917786, 0.08191115828174243, -0.08845819132954005, 0.15762129009733286, 0.04744434615310759, 0.17581226275850642, 0.0048547037696677646, 0.011982471324353141, -0.03796479665301587, -0.18091079468261745, -0.005028603613456513, -0.010081355324629037, -0.052346369290043444, 0.014420344747826028, 0.03892519085952412, 0.02001683628250143, 0.011231522032342992, -0.14617450733330825, -0.06944764066170905, 0.0630474993415853, 0.003941083649117648, -0.030874776541240895, -0.13880829053074428, -0.1443428091418383, 0.07145812138608823, 0.10294346229209403, -0.12838478458483815, -0.005765418836120739, -0.0558792658416647, -0.03981106353054483, 0.10749193089980436, -0.07988398091878325, 0.060182409329074225, 0.08468277654839783, -0.09910589750759498, 0.07930296715359618, -0.1627256390682623, -0.06453539759341208, 0.013442289196396819, -0.02183500192593951, -0.013660294905655658, 0.03581197222229785, -0.10973851796332973, 0.0924799352301307, -0.14821924996365762, -0.14206875228373309, 0.32384677975173165, 0.6274497337937845, 0.08964457809410735, -0.04487500282708858, 0.15159799774151855, 0.040371115154491946, 0.036274208994347926, -0.3812396558528285, -0.1197478823550487, 0.1828733054846384, 0.04705804816784643, 0.3779753571969597, 0.01677829269035646, 0.09133262504117809, 0.021646353750024595, -0.037997873688203274, -0.0743240776852278, -0.11913597922356511, 0.09216854059247344, 0.009403599813999157, -0.008561237545126202, -0.07980193086395077, -4.990186260760371e-05, 0.11788905049758479, 0.20240738926628982, 0.007297340346433615, -0.08353753076161186, -0.16547111058833394, -0.07218766023388662, 0.1661839998762434, 0.06671491004233547, -0.1585177586590379, 0.05375927056780469, 0.027989921508284072, -0.073252765126412, 0.010795970931107467, -0.0860954282187723, 0.23602075125010974, -0.016589146091160883, 0.005117919107956096, -0.032880531281135605, 0.06589907559389105, 0.001980501879472407, -0.016779798552146532, -0.0843714156722686, 0.016035312704272196, 0.01941036730857479, -0.06626714264798561, 0.023415259988655228, -0.03158317977166183, 0.05418047144800048, 0.06676408634859549, -0.07888419039042444, -0.10780553452759807, -0.007073817349297148, -0.023667547266450775, -0.05392226746250654, 0.035316956427789314, 0.00799829487779371, 0.021876783821874454, -0.013432880152844188, 0.008021852560389113, 0.0013854070880884588, -0.024311347753484362, 0.3356486244210611, 0.029951328614337695, -0.05029958036323782, 0.036341528680350385, 0.08490393789673578, 0.11435475538959324, 0.0791148892169726, 0.06029528313394071, -0.07425191484158715, 0.0915402939259653, -0.09586831379638083, 0.09899757303715738, 0.0742996048205773, -0.07568421094159707, 0.06595181117412338, 0.03298472778399369, 0.0463723869601636, 0.023683467560484398, -0.00037445117686816273, -0.15388695416100834, 0.04507984470742523, 0.10259061238343191, -0.14801011221196494, -0.07992725974034993, 0.030627647223458995, 0.1956126852648194, 0.052478795955592156, -0.0422307648369584, 0.036136173514998864, 0.02477017247376971, 0.021318690766255026, 0.03768846675181305, 0.044336772037967785, 0.09972527504054203, 0.021375449265706236, 0.13077236066993553, 0.12410120336990417, -0.01045823308636167, -0.06485330491855396, 0.0971073157244839, 0.14685444501072878, 0.009539294603660814, -0.10577475115750083, 0.13211776495703983, -0.047560900756376895, -0.08899669479405561, -0.15153020681971358, -0.016898293716415592, -0.031092586341290814, -0.16035800775527642, -0.03798297959863137, 0.00897525357788699, -0.003982078223061927, -0.0572507344024686, -0.1532109322609751, -0.0021969497689305, 0.09915438668555729, -0.07901784907535023, -0.019818530799872416, -0.027476434781720058, 0.14962575078517246, 0.21185754429810275, -0.030823844189746475, -0.07324923006369295, 0.020448706425700545, 0.1004947330803075, -0.2060688830748926, 0.06005394247609444, -0.09959543186214907, 0.0008429388667606951, -0.04484638626201301, -0.20580278247856212, -0.01817683345334237, 0.008945875466515874, 