{"batch_size": 2, "degrees": 2, "epsilon": 1e-06, "gamma": 1e-14, "num_batches": 6, "model": "sgd", "weights": [-8.169620667420527e-13, 2.71184699562424e-10, -3.177542775497828e-10, -1.1528916344673945e-10, 3.786585783899013e-11, 3.506289277677127e-11, 4.712957800901508e-10, 2.2830752114905712e-11, -6.612923759326859e-13, -7.64056623132499e-11, -1.663005730430954e-10, -7.045230479805191e-12, 5.6203966226770485e-12, 3.276147059848491e-11, 1.1043788031612999e-10, 1.7944841190018838e-12, -4.808901814027445e-13, -9.211676716332784e-11, 1.7631983394175741e-12, 5.671489636092897e-13, -3.3499539012564065e-11, 1.1202654088433599e-13, -3.557206776462206e-10, -3.026905924475554e-12, -3.480437364543278e-11, -1.169199476127268e-11, -1.3228067631611741e-11, -3.370322823957829e-11, 3.161385192167139e-11, 3.1246235074932624e-11, -1.846210340924842e-10, -4.3358122172804534e-07, -4.183723404187045e-08, -3.967575963862353e-08, 3.780230610617789e-08, -1.2640485922174952e-08, 1.2220920062139239e-07, -1.5071306844755128e-08, 2.3752058246528895e-10, -1.924016902464281e-08, 1.7716353303802053e-08, -4.640796453326923e-10, 5.268340421340619e-10, -1.3483513353789542e-08, 7.77698792820793e-09, -2.3045368337126162e-11, -2.706556988015816e-10, -1.3783088929742068e-08, 2.899892840114604e-10, -1.6244891626445728e-10, 4.0407611790406036e-09, 9.436632043623148e-11, 5.8049495435457906e-08, 4.992226085447926e-10, -2.163758411685151e-10, -1.5581917093427195e-08, -1.490074304243431e-08, -4.972590882631864e-09, -1.3688611219579894e-08, -1.393839393815429e-08, 2.3722460536783622e-08, -2.8760098919421007e-08, -3.705213969596987e-08, -1.3633387833468659e-08, 2.154640576210421e-07, 2.1427625327590343e-07, 2.1518196953315003e-07, -8.38812639033647e-10, -6.383666041395779e-09, -5.17134168178825e-08, -7.409118329839488e-10, 3.2971196172080113e-10, 2.1548996163925568e-07, -7.134644596544046e-09, 3.668381547436778e-11, -2.033205175411866e-11, -1.902584852959158e-08, 6.468311801623902e-11, -6.716046856305487e-11, -1.2058090902750978e-08, 1.652625253316611e-11, -7.412881849369288e-08, -3.787281554187321e-10, 1.059545236935679e-07, 1.1988591022300618e-07, 1.1972248651281146e-07, 2.09140055963178e-07, 2.1550483063104501e-07, 2.1546008525821896e-07, -2.555290843293373e-08, -5.570430559630606e-08, -3.1804388139055727e-09, 5.6696889934258755e-08, 1.0103384156140094e-07, 5.558679721118054e-08, -5.920860600639091e-10, -8.065885134423267e-09, -3.197861397396518e-08, -7.396763330028879e-10, 5.056602613178339e-10, 5.647523192913829e-08, 3.897486720321826e-09, 8.740997187347277e-11, -5.024071535034969e-11, -1.698935015782796e-08, 1.7112721227585344e-10, -4.239168988285958e-11, -8.599817864814406e-09, 2.7123761134410997e-11, -4.658494567273475e-08, -2.6683197471272664e-10, 8.405928144011898e-09, 1.5020894937691637e-08, 1.4850908376301278e-08, 5.1615246352765666e-08, 5.640109676901214e-08, 5.634248247365076e-08, -1.8886716515800086e-08, 2.5008446129034403e-08, -5.0892436260714806e-08, 4.361765046225603e-09, -5.195591413766535e-08, 4.11769684920657e-11, -5.911838545300578e-09, 1.5312813184296313e-08, -3.1229157768469124e-10, 4.2869698760151445e-10, -5.117073122657994e-08, 1.099919926745816e-08, 3.986365344796e-12, 5.192900438925282e-12, -9.759088998446398e-10, 7.358036253936417e-11, 9.937766827290656e-11, 1.1776155500491063e-08, 1.104992345146719e-10, 2.178529883065912e-09, -1.0957517077158463e-10, 2.6311083784208096e-08, 9.266201667835446e-09, 9.047591801157674e-09, -5.3044378532093944e-08, -5.140486609143528e-08, -5.1288423880953224e-08, 5.289559773626767e-09, -3.1787034802673285e-08, -2.833737690900923e-08, -3.184520834831505e-08, -7.601902933698005e-10, 4.725357414529953e-09, -1.0936106269881483e-07, 4.220902716624913e-09, -3.443161641983621e-09, -3.180547247339535e-08, -9.882670095241723e-08, -1.3126019662019238e-09, -7.052566060619032e-11, 4.182993008540801e-08, -1.1501563049837485e-09, 4.3540599459191755e-11, 2.7819997086007147e-09, 1.0643282797679462e-09, -7.954874085585616e-08, 4.668930779792491e-11, -4.151717322665356e-08, 1.1644669989858169e-08, 1.1867186393887002e-08, -3.170738639136214e-08, -3.1811820301744174e-08, -3.181316334550593e-08, -5.236448569308129e-08, 3.5087213643491874e-07, -3.6601177876689455e-08, 4.373462437437155e-10, -4.119716786745917e-09, -6.820211933711204e-08, 4.529623655739343e-09, -2.5088238957746965e-09, -3.111106734311765e-08, -6.612156125300358e-08, -1.2661385839083633e-09, -4.1119720106551965e-10, 6.341184402126022e-08, -9.245602002808956e-10, 7.363368573970065e-10, 2.5595362274307052e-08, 1.6291592893036228e-09, -6.356493281681008e-08, 4.641997046447957e-10, -1.6205520191387027e-08, 1.13434605668559e-08, 1.1444340738426822e-08, -3.1635128120138593e-08, -3.178095853683789e-08, -3.192392959194346e-08, -6.549240112949221e-08, -3.179344008565947e-08, -7.910209588691593e-10, 4.6149508368912606e-09, -1.1174076433299511e-07, 4.205422536881982e-09, -3.4587132313217073e-09, -3.181709762029944e-08, -9.941714813063737e-08, -1.3116818223331558e-09, -6.80282737749802e-11, 4.1245772413065534e-08, -1.1500577031748196e-09, 3.540772498500958e-11, 2.3143979310405497e-09, 1.060674016411047e-09, -8.207215689072756e-08, 2.4567837576589494e-11, -4.24425137519717e-08, 1.1651704883783054e-08, 1.1867638903310092e-08, -3.218023673062972e-08, -3.1807810392492166e-08, -3.180922749239915e-08, -5.356958335318861e-08, -3.676802280130217e-12, -1.4594835801788077e-10, -3.444006329291835e-10, -1.6172877735430464e-11, 1.2628352862230195e-11, -7.66307198438386e-10, 2.78454977934978e-10, 4.613209904819725e-12, -1.7316682682095316e-12, -2.330301856197009e-10, 5.4108324283648646e-12, 1.1490869103122276e-13, -1.6523152242691807e-10, -9.402878602883161e-13, -6.27757797898419e-10, -5.62625188851125e-12, -8.950671721671469e-10, -8.058633157385419e-10, -8.089450748950313e-10, -8.907510733049832e-10, -7.679338000989054e-10, -7.704859036039914e-10, -3.898237103341096e-10, -4.170508369097813e-09, -2.80297310173625e-08, -2.128410165727413e-10, 3.767659092735553e-11, 4.758679652387095e-09, -9.471696714144711e-10, 4.149620616369738e-11, 2.1105839435162967e-11, -5.1953815493565515e-09, 1.3278408018940987e-11, -4.074215918791055e-12, -2.6207113662253638e-09, 3.903130403677872e-12, -3.976106766734834e-08, -2.203397114506512e-10, 1.567888651425428e-09, 9.218721965791253e-09, 9.194804838879318e-09, -1.5823475317003247e-09, 4.828033542898566e-09, 4.760460556752974e-09, -2.1887178934085418e-08, -9.634690714204019e-08, -1.2716005857559873e-09, 9.218148702124221e-10, -1.0978761778460343e-07, 1.6017073728352663e-08, 1.8133481730203072e-10, -2.462065657318834e-11, -2.072107508276741e-08, 2.0586278816993348e-10, 1.202949926381652e-10, 3.312385052652969e-09, 3.349309879669128e-10, -1.424867958120048e-07, -9.952748639958537e-10, -4.3664943017449255e-08, -2.9005567713111694e-08, -2.945509342191342e-08, -1.417332531619534e-07, -1.100519449532629e-07, -1.1000424391106201e-07, -9.164280927565677e-08, -2.2621629501672684e-11, 8.053431147475324e-12, 4.220073676845963e-09, -9.211210725431205e-11, 2.6492277538372217e-12, -2.0082463623116754e-12, -4.893466110292265e-10, 3.898583714355506e-12, -9.509245439176379e-14, -2.343225493434723e-10, 1.787133586867528e-12, -1.8622849332332153e-09, -1.0151855024491574e-11, 2.041847232382246e-09, 2.3744394969767762e-09, 2.371171629261345e-09, 4.038269382840364e-09, 4.218899589900135e-09, 4.217569647844054e-09, -6.901408017979471e-10, 1.6341726411285893e-12, -3.44928387243794e-09, 2.2204941097837e-10, -6.148044598730837e-13, 1.8731343314391578e-12, 2.6940418561220485e-10, -6.970278888091384e-13, 1.0649264720696818e-12, 2.73005297191729e-10, 3.863472859898724e-12, 1.2063252654246795e-09, 6.580916061177944e-12, -6.086359458678972e-10, -9.52579515424033e-10, -9.535761122866343e-10, -3.3537287685715607e-09, -3.451219886548598e-09, -3.4513158593536983e-09, 4.3036188727540716e-10, -3.180985573934243e-08, -9.900722104739379e-08, -1.313025730136995e-09, -6.901331703475347e-11, 4.172483405618012e-08, 