{"degrees": 1, "lambda": 0.05, "model": "ridge", "weights": [-0.05224520050279956, 0.00012784985085977196, -0.008516115717282863, -0.0037262804305088896, -0.002760421745374595, 0.0016740150841304524, 0.0002332070569445689, -0.03626184645188708, 0.14048522068835223, 0.0010608983506009318, 0.004601334730144457, -0.09568961964176202, 0.10372618190559947, 0.04330623311141374, 0.006119528293420035, 0.00896784699572048, -0.0010767712898305812, 0.0053585473486328465, 0.018593779429150397, 0.00790529699933774, 0.005082271746377068, -0.002048367293815743, -0.0007784449251178779, -0.14966466288863392, 0.002248865336967424, -0.011033429204095372, 0.009013137199967325, 0.000388460251272305, -6.184441961076179e-05, -0.00889034742019106, -0.006778395634425402]}