{"batch_size": 1, "degrees": 1, "epsilon": 1000000000000000.0, "gamma": 0.01, "max_iters": 1000, "num_batches": 1, "model": "sgd", "weights": [0.35358098781622765, -0.007211946648971732, -0.17382478915258828, -0.0977854127894894, 0.03656935822445913, 0.08946864510774533, 0.009800086727540486, 0.027810789223911895, 0.13066982561847182, 0.004849089166392633, 0.043842481595765335, -0.03060017231050777, 0.025254691944975077, 0.07786448218905792, 0.10284172737408703, -0.03516024336764417, -0.07321995848844995, 0.1312229933151366, 0.0052346673453406035, 0.025429030579131404, 0.015694419056246342, -0.03400677255804676, -0.02313993683121212, 0.019995017459481557, 0.04172665045338182, -0.04290347965138064, 0.015139821853568575, -0.02872366629754838, 0.013521919937894759, 0.02919120269841994, 0.0019580704808199382]}