{"degrees": 2, "lambda": 0.3, "model": "ridge", "weights": [0.20537500000000014, 0.007352449289258465, -0.019696462261994147, 0.0012622138505515676, 0.004965717383439213, -0.0009809297060406825, -0.0020335769148268354, -0.0006975299853719117, 0.014934605407489256, -0.001814036643247811, 0.006488336095446698, -0.014972743937762748, 0.006899207958266061, 0.002436516633554719, 0.02718975920440647, 0.0005168133791567741, -2.464507790259031e-05, 0.008039527305934373, -0.0002997506191414184, 0.0001658383364691954, 0.002638911804948764, -0.00245658848165701, 0.0014511156879727532, -0.0010547153509562921, 0.002502423228977911, -0.0020794665434884746, 0.0014548537352726191, -0.0036796930708618003, -0.0008625267166269596, -0.0011162868263795925, 0.00019288387601351116, -0.007996149203066462, -0.012601210417655573, -0.006281170359659717, 0.004002450819145178, 0.002988172443851578, 0.0027638373698497696, -0.001252371951887434, -0.005197323990609848, -0.002737036874343143, -0.000923583375354384, -0.004402840327238854, 0.002156202621828314, 0.004474473737434914, -0.0015494545377718303, -0.0011576077726070419, -0.004060002074808432, -0.004853199077477324, 0.0029909885977834334, -0.002939053337609307, -0.00862773292933933, -0.0004356155511465485, -0.0003876302786210597, 0.002899500468856774, 0.0029918829397620147, -0.0036998857195304057, 0.0005999291030123554, 0.004574392616236986, 0.0004482285316631727, -0.0006541900617185629, 0.0011720520997944277, 0.009172927311933832, -0.012756733391025624, -0.00012733138734571356, -0.01300342737863854, -0.005342286702369305, -0.004557505463694569, -0.025276924804592888, 0.011354170224574859, 0.0030012037899773726, -0.00041610454547529274, 0.009233440280859786, -0.01592924718525732, -0.0049749440614713395, -0.0026118405059980788, 0.003651819742060319, 0.002400815965007277, -0.0024301698111821248, -0.003295682257073893, 0.010977877196867063, 0.0019885706439813308, -0.0021455075067892907, 0.003445324998965881, -0.008292795124830086, -6.523442315748906e-05, -0.0027392139958785588, -0.01603427260796565, 0.0032144772192265005, 0.0006737550267265693, 0.004843605091375667, -0.007569040718727328, 0.0020936267112764, 3.095247013580822e-06, 0.0014513417877531705, -0.0013543954750899524, -0.007733468419182696, -0.0030539880876769344, -0.003283931191202953, -0.005112072609647565, 0.0038322580587590973, -0.0013494700955777802, -0.005021696799516484, -0.000762924739855343, -0.004277782181235535, -0.008552316977762743, 0.0014036321301564949, -0.003004745386696765, -0.009250242189239364, 0.00035743561939525467, -0.0012331702562903008, 0.004682605429696844, 0.00021936406969678867, -0.0017041309595133532, -0.0018793927413562343, -0.0010489551186617658, 0.0007258695084367986, 0.0012760475965897162, 0.0009712063560296678, 0.0012434507533577164, -0.0009662191753445409, -0.003026956162014182, 0.0035242431698140303, 0.010051017707505015, -0.0001425870414128162, -0.0005693564948869331, 0.003029559782438064, 0.016181167344302402, -0.0029616647786548547, -0.0037840093096661413, -0.0029565358745159177, -0.00014075983170783212, 0.0026720492314256297, 0.0006687838052656941, 0.0015422048828606634, 0.0029704233715391972, -0.0015155052878951206, -0.0029478402224693153, -0.0024008285874083887, -0.0006672838620089656, 0.003387878507400877, -0.0003877711453190848, 0.004993014778298788, -0.0034025727973312526, -0.00038296156736604636, -0.0004843436181899329, 0.005366137208862049, 0.0018676331419474846, -0.004984312670764334, 0.011304446039660658, -0.001689419561905425, 0.0031965245916754396, -0.006285405006232389, 0.003532593736902144, 0.013561003821392933, 0.01278587341924053, 0.0008939572396296996, -0.0008751119741969214, 0.007351113646126424, 0.0016553644821674569, 0.002786937021808485, -0.0014366648861903072, -0.0028699600343576673, -0.0004356169017879915, -0.0028040737166858776, 0.0009524487504822417, -0.0007181199420137715, 0.003333254943833735, -0.0013053864139806607, -0.0004645385329333435, -0.003600161578169232, -0.0008118580677791604, -0.00021031082892439197, -0.0012877951232481979, 0.007159203351537075, 0.000999721334486399, -0.0015484567845192438, 0.000846799416019074, -0.0011676465189208013, 0.004712509058006299, -0.0004026478254961012, 0.0027540534113882297, -0.002924398244516288, 0.005526448633225413, 0.003014972209852508, 0.006186130647331722, -0.0012516747889899209, 0.0004961414507514654, -0.003731932931987028, -0.0046702860290678124, -0.002592176490044786, -0.001027698769339336, -0.0004482398686491407, -0.0009542149492770288, 0.00029205665910140015, 0.0012369864194929803, -0.0030117911996557253, 0.001475055671209875, -0.00399007821208235, 0.002013887939215293, 0.0014345037495879555, -0.005748289073311964, -0.0017267180018581214, -0.008878875611534312, 0.004744406009615747, 0.00277142477600007, -0.0042541651950940935, -0.0021028431935344537, -0.00087377881052928, -0.003011815185282188, 0.003176569796191132, -0.0012389857389509065, 0.0020938838705735737, 0.0024376553830733824, -0.0008241562776610161, 0.0028643786824958262, -0.0062479809741355285, -0.001404837658386621, 0.004078450538083751, 0.0020004640905481024, 0.0014597778521729904, 0.004249553604760222, -0.003530817405600899, 0.010343183358886045, -0.011050720617021146, 5.249750067618314e-05, 0.016072470845160555, 0.034289037400906296, 0.0025585909290737657, -0.0027087334052731766, 0.004278077814485577, 0.0032738274533385824, -0.0009637920240856653, -0.01055630130598242, -0.003489730123053707, 0.009125622284306275, 0.0032302311186723914, 0.013450649370034007, -0.0023798656482911587, 0.0035522481837026994, 0.00517562577748245, 0.0014633630086216122, -0.0036512648092932175, 0.001101714734906076, 0.006901750713395993, -0.000116834180900693, -0.0041825601014771775, -0.009211565078282639, -0.0019508490854739874, 0.004800388492508859, 0.0045433267090120395, -0.0013350263461629835, -0.0006041978990679669, -0.005460362182401288, -0.0028457793078203193, 0.007920509967153577, 0.002872805796061476, -0.005480221816584905, -0.0039297301644437435, 0.0009332690982788265, -0.005472631517264574, -0.00098107794049724, -0.0015319112522866093, 0.010993455945234836, 0.001080136103972694, -0.000924032971223012, -0.0023008018964722843, 0.003605799753824264, 0.0033702640910605545, 0.0008581816729538691, -0.0028949263417769105, 0.0009889884778600227, 0.00039717976221554947, 0.0022460174127003608, 0.0007375237843457843, 0.0009259070744728346, 0.0030679038263940906, 0.002208385774577907, -0.004340144054254971, -0.005221719345852796, -0.0016827173454630594, -0.0005135929461235947, -0.002678066966372839, 0.0016980609785122406, -0.0014729869127800338, 0.0009016308916223548, -0.002767975143275818, -0.00023827459122951393, 0.002029444107396573, -0.004430092783218391, 0.008047327485809691, 0.0023060447899797194, -0.0019725023796753147, 0.0023713865958768315, 0.005768559666223347, 0.0021482621539266416, 0.007308623867628473, -2.9473349812733586e-06, -0.002764478869505627, 0.0008352735101865073, -0.0015082751925194833, 0.0016362147568557122, 0.004800239867427262, -0.007748372606039071, 0.0048323172403460304, -0.0016206039839473953, 0.0033534672303081273, 0.014928600347723581, 0.0048620756155977485, 0.0007077218198202205, 0.0012417789809265824, 0.005699355089141984, 0.0014978390394497084, -0.0006852280577313508, -0.0005296864511367135, 0.013705370466231069, 0.0041793969090127715, 0.002595971159800604, 0.003979826602108984, 0.005533078036342419, 0.0015976470457572038, 0.002070438820190114, 0.005743765251182358, 0.004778767635051356, -0.0019210589831581588, 0.004642798504168654, 0.009212641131421288, 0.012430583071497008, -0.0014091262863091774, 0.0018280953430981708, 0.005047943803659064, 0.0007003038565109566, -0.0023766680327149715, 0.0008852156760447994, -0.003009084895586073, -0.0027659911966359772, -0.0018386983804817164, 0.00017989973729419292, -0.0023911009954447485, -0.0023806923106384184, -0.001924663234036454, -0.0012600960521669052, -0.0004458743603084595, -0.0031092822210171496, 0.0004987498457197393, 