{"batch_size": 1, "degrees": 1, "epsilon": 1000000000000000.0, "gamma": 0.01, "max_iters": 1000, "num_batches": 1, "model": "s", "weights": [0.3386162540305404, 0.0511447990844906, -0.06109315312145392, -0.08306233025219296, -0.003641829617320953, 0.01833024068748962, -0.012566648003397546, -0.018493321207867505, 0.12623675739560367, -0.039354851757110954, -0.03953852886580749, -0.11658487705216608, 0.09548631901117968, 0.10809237181990253, 0.030012055445375684, 0.033031734916590366, 0.017418957934121005, 0.1310459629844614, 0.01045375551426947, -0.013892685041809294, 0.06508892651073951, 0.0038059602563365385, -0.1465169319052118, 0.018651262227051935, -0.13026952739118533, 0.015560532827002763, 0.032618029029861446, -0.110665183219626, 0.023182776752165138, 0.013994214860684324, -0.08000205547659726]}