{"degrees": 2, "model": "least_squares", "weights": [0.3286000001508415, 0.01440434143606713, -0.1795067669726434, 0.19856589167470712, -0.3106653670596443, -0.01985173980770167, -0.7692208221794362, 0.3678221632849693, 0.25549757672155565, -0.10091262541155184, 26072.24595950881, -0.26417156608320425, -0.08746014230336666, 0.05713148065944939, -4667.711728223416, 0.1272822518635086, 0.058403086969168794, -4732.8328858168825, -0.21644516803721572, 0.06390072571410335, 0.3598673970911293, -0.08577396664136656, 0.2154832862759192, -0.796107605228846, -0.5941835888882823, -0.02402896878691591, -0.03246998240554955, -0.045795873767469644, 0.04517075268472974, 0.1215185673647341, -22364.792019998466, 0.209415514004061, 0.15389717179402895, -0.2054052398544425, 0.26034601802755636, -0.36321338656688557, 0.18097342973417674, -0.0617628053308173, -0.19123460072811937, -0.012590827779964255, 7539.737851002275, -0.009622289183276617, 0.07260321412426832, 0.0323733088691838, -2086.514286606706, -0.023332759466274958, -0.06979664775805447, -1978.676806729489, 0.006997328373883388, -0.03286649865263245, -0.2843374749526587, 0.017859386485473493, -0.1673271797696041, 0.16366772469626956, 0.31171300250432415, -0.09639852274647219, 0.018390729739939663, 0.33291735609670925, 0.04415085236100613, -0.033978760419277464, -5010.794862086931, 0.05335429241957618, 0.1267944524718632, -0.12058030413929086, 0.014081706504379092, -0.01124993890371681, -0.039005905544910374, -0.40615216012183647, 0.01752034942237977, 1037.5498929027337, 0.12114318511230811, 0.062258517265805134, -0.0839351817354225, -217.8475417266172, -0.018400027710482783, -0.013800339949659709, -364.5906953613046, 0.02304248050024181, -0.023199120140729453, 0.0592627656998962, 0.0010814671096652864, 0.06554635320976356, 0.2616726404085562, 0.23175898393699224, 0.0010706066609572186, -0.02026047681526261, 0.2132595039034545, 0.01070917612747939, -0.021819700694156275, -686.3610823401315, 0.29846890541050397, -0.17983812303413754, 0.2791842046749235, -0.03956504978506383, 0.06111271752529901, -0.32133730371036195, 0.03276859956487695, 12391.925949686416, 0.03133441166779341, -0.12791172380150098, -0.02529303496449723, -3395.5742763862127, -0.03628462246584118, 0.08371036047826598, -3659.992601903745, -0.08456659885489459, 0.01017028964923106, 0.09346007307292101, -0.006754261981454043, 0.14244312552819896, -0.19401218317497654, -0.35259611543138897, 0.1036398369666013, 0.01560938715185402, -0.206962405199105, 0.02882457721899467, 0.07160307915445169, -7882.13806704171, -0.02996573082967744, 0.09464226337955853, -0.1155159391516817, -0.05281837741709401, 0.14538589447805156, 0.054673918604240195, -13635.597611303132, -0.10663506016606453, 0.100066593218845, -0.14230875540570254, 2362.0879036390756, -0.01913984237185104, -0.0727274423223043, 2249.5973344063195, 0.03720133125929382, -0.008657557296220161, 0.10963740735782031, -0.056536599891137136, 0.14947247953862167, 0.40377100587072545, 1.219310482878653, 0.018699976662442174, -0.01681633804054436, 0.403843772284954, -0.025205288152406455, -0.018866430964532978, 9979.281081000086, -0.04879232579181752, 0.707550952049082, -0.08040608657638706, 0.0036474999672223983, -0.0901141770986294, 17122.67156272914, 0.0547482914866617, 0.032383548991257956, 0.16734868793945787, -3287.7545475078146, -0.00509469847610487, -0.054410764928997435, -3153.91164425061, 0.025260181756560335, -0.005360102973718974, 0.04719511027927721, -0.047666449962549554, 0.18823135135328165, -0.1441217472249271, -0.4451599199216983, -0.012399126875026594, 0.05296810740251641, -0.09245670341399329, -0.010575196978549223, -0.03277463533054654, -12916.930713052934, 0.017536358986607988, 0.2036031849858438, -0.09246678446415008, 0.027733169506757967, -19493.520798879406, 0.01753031204866495, -0.04745221124540128, -0.10025909566274206, 3223.2113679605113, 0.026743375094305532, -0.0049561260492494265, 2841.745578565351, -0.025193029611494184, 0.025885402599651528, 0.05490745674736783, -0.00471122363739644, -0.07376632702390451, 0.22778751944521622, 0.44662900414716195, 0.04262446063897534, -0.03756421969283202, 0.26999473931363527, 0.0080842665185188, 0.0071219413082547105, 14804.841958134579, -0.05860912085411229, -0.05913046264812774, -0.013867434356999568, -6083.267692248239, 0.052347667860896466, -0.01331593041899601, -0.04023554445578404, 1187.1551119104943, 0.014646831901577067, -0.021756520561469338, 1253.2947666879184, -0.0006344277337472515, -0.0020317154812934477, 0.08835265887013026, -0.01975253438218482, 0.07028856027986921, -0.005463990674972447, -0.17979969928215914, 0.012341353142799473, -0.02363764669095164, -0.08766321036878011, -0.006724250441290636, -0.012625696294859389, 3925.2947026433917, 0.04232264990044049, -0.044667831523680895, -10862.157930127134, -0.03949374825656815, 0.02861985996123991, -0.01266674615472944, 2574.4951597858817, 0.0609091977504381, -0.05498401663310955, 3245.093707061541, 0.05806425595256067, -0.025738405285995136, -0.084146022247928, -0.051098433312642286, -0.004675726813871517, 0.2018190026641085, 0.2801033448938825, -0.027707873890381936, -0.021446125979348495, -0.04200710176136223, -0.06435973077902178, -0.07077847892394436, 9254.678232185692, 0.03297195496326178, 2277.2223892391685, 0.052522745791394834, -0.010839074952417961, 0.04613074360366032, -331.85794884852385, 0.028975429039351335, 0.0037731701568200233, -322.4403139750589, -0.022548455339567144, -0.00996271042597391, 0.01218150121521881, 0.007391674972423392, -0.13901249971740462, 0.17919262909510653, 0.1275726994808712, -0.015930023465985318, 0.008454215742027914, 0.134336245608962, 0.031120243760092096, -0.009490017534579915, -1801.6761121986021, 26725.851599684276, 8786.431798849528, -1622.9043875094287, -9539.955726362288, -11413.620767337174, 1489.6586194296008, -2162.5643377428905, -20618.829533357788, 919.8265153739508, -1854.6147665225064, -8682.175651861124, -1436.419314794292, 12036.88619892823, -35462.129259128, -47293.36324861143, -2705.3381259233493, -5853.157555568348, -41131.16145446198, -3302.112036360941, 162.16539074749716, 67863.11659801935, 0.17488740513479276, -0.017139000499239783, 0.03796112399505854, -565.552908348203, -0.03445719407579652, -0.04155615073599966, -3048.606387941679, 0.023781709619333912, -0.014296654526461844, 0.03670485163335497, 0.09376870330620964, -0.08359448767384703, -0.1244572386265037, -0.0951218537649496, 0.047761169830408456, 0.0011029643681717018, 0.009514076768308054, -0.0027149405948819773, 0.019509555346743344, -5900.217004983838, 0.005587836666354048, 0.013323156655733078, 381.9223897378714, 0.01436128889085527, 0.025633860197626816, 444.08482428575786, -0.019815371995996374, 0.0061478968428894665, -0.017307242189459837, 0.013166813197525083, 0.006162764837968003, 0.0388831068171731, 0.012872868401043791, 0.0032789445703800026, 0.009307148668208897, -0.00014065151749831448, 0.01914368211712, 0.00502309691027282, 976.5690414455454, -0.021236311378568108, 1717.177575407697, -0.011202576404654491, 0.025542147986984596, 1858.1877823886339, 0.025618230446644834, -0.019629438178427584, 0.08420996782849305, 0.008271901600059677, -0.06532862713355005, -0.09551624170420704, 0.06630288367905504, -0.01848897897841525, -0.03500717694661457, 0.031754694701762114, 0.0032313296687433756, -0.003717324568051015, 7248.258718203721, 2068.2947576466054, -323.38596058537496, 471.0007492816752, 3406.1920611598302, -207.09118388881186, 408.8586802172863, 1235.876979320987, 313.3922406945668, -1846.4445930232955, 5832.095260290689, 6810.6230208507895, 570.0258018914811, 1166.3373926213728, 4731.102019121152, 609.2193319506707, -27.198442192994687, -6762.759835419379, -0.03833060983857062, -0.00214479459099664, -407.5093197528847, 0.04236693861932994, 0.0004406842741510909, 0.0009723970044837265, 0.008928208362204823, -0.02546364708127156, -0.07368418812233718, -0.0852880114058467, -0.007848050417182492, 0.002876396300471771, -0.04724215427599539, 