{"degrees": 2, "epsilon": 1e-10, "gamma": 0.01, "max_iters": 500, "model": "g", "weights": [0.3264409392722635, 0.01965860406246804, -0.03187330348296987, 0.0057956220040348795, 0.010243497524140471, -0.01031514227620368, -0.007601798131511113, 0.0008485803290255975, 0.030247129842132913, -0.0019951579205242796, 0.013511319119878552, -0.026777892903841107, 0.009403910880434109, -0.0002320337392889747, 0.05200529938682659, 0.0007295512038495953, 0.0015864225856161691, 0.01642144422036595, -0.003318388252466906, 0.00034042972886614095, 0.008851695442736856, -0.0056175512281604265, 0.004897114120832307, -0.0016891815469552035, 0.005302604866322028, -0.0031385883747220887, 0.003643765646212041, -0.00835970044541761, -0.0024768430136393634, -0.001471490582044817, 0.0014323478664413187, -0.00761798475591992, -0.013820614961680645, -0.001857361819988227, 0.011372997393734707, 0.0010253407901222465, 0.00377952518849156, -0.00022638369111210193, -0.011943788258026397, -0.006976591609921947, -0.003939369208955416, -0.0006650648268408237, -0.00304643596115804, 0.006412305709890745, -0.009664525697413138, -0.004397451032557266, -0.010388121957958069, -0.01285179576711094, 0.005653674580287113, -0.0047161666681146235, -0.02480629888973792, 0.0001891883560276091, 0.0006851785428026448, 0.005359255682409986, 0.009949451752519836, -0.008337513745741354, 0.0037941544531969323, 0.011297906440569414, 0.00028917509036405827, 9.76208110857887e-05, 0.0031722442805861588, 0.035262615681267345, -0.014789998783793477, -0.0022098555492550626, -0.01837528846500028, -0.004188698696762817, -0.015316967306392974, -0.05068327994565744, 0.023223460901346055, 0.006766586826851907, 0.011217847659428504, 0.012581227874700033, -0.025421762910289195, -0.008568284228381746, -0.0063997950544746555, 0.010206444668064283, 0.010334157870450184, -0.007158591387174422, -0.0067907103421233645, 0.035151867742656114, 0.006692304411344023, 0.0006481143693953665, 0.008566977901826584, -0.014637883813307506, 0.0044030781996496834, -0.007178565727812879, -0.02719412199774797, 0.005560290717477079, -0.002456007752154473, 0.0074642841208806526, -0.0025699405555008434, 0.008396327312844397, -0.0056545935379693985, -6.592498358718792e-05, 0.0002624498668468889, -0.014083094595435096, -0.006613896334692992, -0.009461889534802018, -0.0012434870338215557, 0.0021327890495620064, -0.008263160038627834, -0.021038503205441515, -0.0033623657376917852, -0.008345166129304164, -0.022567515034802248, 0.0014528766076367199, -0.006021521878883561, -0.021668086782048526, 0.0008882011855909997, 0.00020003110200330574, 0.013617591985325741, 0.004015802161553071, -0.002314827872116151, -0.00405851293617775, -0.0008000228894690589, 0.0009906691951184694, 0.005657130827338087, 0.004665033245831251, -0.0006622149279419767, -0.003076401865783516, -0.004712331865160559, 0.006170661505241599, 0.0204994136918773, 0.00329967703871314, -0.0021940618258140883, 0.0023945537858518556, 0.03481547587461187, -0.01073115254783929, -0.00950787444080595, -0.008192090473676169, -0.004893795898106713, 0.0005649542027257344, 0.0027371387646649677, 0.004529202600734011, 0.0008225775230976935, -0.005691022140456029, -0.007096409390601392, -0.004144041043108459, -0.003469274400280356, 0.007557199892789588, -0.000708836230257364, 0.009954348281758936, -0.007453270137621582, -0.0006108244217619498, -0.0008742161236771237, 0.005625645022787825, 0.0012694023988092454, -0.005731807215064278, 0.014169125799438187, -0.002899220077818274, 0.005605161473205447, -0.011552629519591103, 0.0010124468688651547, 0.025516073655016753, 0.01864766048120832, 0.0014823671001595949, -0.0022756448330799035, 0.011823925317388177, 0.0018481038206442646, 0.005608552637794499, -0.0003645421898860676, -0.006692861842434093, -0.0009521945988050238, -0.010690199734874088, 0.003045597954502779, 0.00014100075291754725, 0.0076462348877456895, -0.003836463399621664, -8.218309973504617e-05, -0.006852310364992743, -0.0002030200899520883, 0.00040637159711809416, 0.0007333059495911886, 0.005912625022023104, 0.004623147654029504, -8.883238385879725e-05, 0.0038712869567719484, -0.008456841107028427, 0.007451771519240542, -0.003864843420790093, 0.006711301688747862, -0.008050520062146075, 0.011129675378079514, 0.00544722150369548, 0.013260726976372808, -0.00042106502248590114, 0.0009905037639708267, -0.004097063210365163, -0.011110143441689256, -0.0019781282023851403, -0.0017295846948037303, -0.003031025139784889, 0.0013326343863791948, 0.0020973211293316574, 0.0035016734150407724, -0.0014117033369327467, -0.007225480554800746, -0.004257406564046367, 0.0029134536769894405, 0.0017973591445727692, -0.012356289931771076, -0.004302662337699427, -0.014025876524499027, 0.014069605880532316, 0.00640316833758306, -0.008964589980517046, -0.0030648045810076296, -0.0033666295744742137, -0.0037592029426175514, 0.004605152447176541, -0.00447469540421544, 0.003829268780672436, 0.007683832215653267, -0.006402498145972589, 0.006505023067682051, -0.012326719488817152, -0.0051100105185806835, 0.008656748044194655, 0.0009915791624985635, -0.0004908911510300634, 0.0056592585470867885, -0.012081988583857985, 0.012853381767342933, -0.01907352838361734, -0.0074143463368381, 0.02933702940931852, 0.06072279809235537, 0.005775956935377506, -0.0033199967004340037, 0.003393045927314939, 0.005295178268499148, -0.0023795586623784164, -0.02921914413277026, -0.00820912460551307, 0.015933688728716647, 0.0038346813732346653, 0.025165213228619046, -0.0025390068295565804, 0.008908255588228761, 0.003878495890822633, 0.001971935212629024, -0.008043949293024088, -0.002994327230931131, 0.011937473067002297, 0.0019250408608549286, -0.005712411755376732, -0.01796014298795348, -0.0030140037209919154, 0.010460878392831751, 0.01375663906710979, -0.0012889088297347152, -0.0026531300443334697, -0.013628455521661429, -0.006939803026836326, 0.015586068988758143, 0.006214515757930511, -0.008837819646048732, -0.0055632205050143, 0.003428164549477732, -0.007630630424054476, 0.0004960605982329166, -0.0016188699230926438, 0.023402864970395586, 0.00010336786477351486, 0.0009810169114465779, -0.003374405623521354, 0.006453340265662965, 0.005216341709319764, -0.0018093012625225995, -0.009130852344802277, 0.002032354068208036, 0.00037673989825682207, -0.001176293921691874, 0.00215815573782388, 0.0010880494538936386, 0.003001964568740269, 0.005199789835029762, -0.00723935920424424, -0.00979802487681714, -0.0027780264314987146, -0.000572564533372018, -0.005588314958919245, 0.0059625474309076875, -0.0031796532407094946, 0.00183998746812385, -0.0023033130880109297, 0.0024341538095157688, -0.005590253656182753, -0.004568242259708752, 0.016444346997299665, 0.003775437057552614, -0.0034547232284447386, 0.004951062583153986, 0.010662611191779735, 0.006451895021275159, 0.018196517159737607, 0.0022070056963275813, -0.005932646471892373, 0.0038657958684644536, -0.005560071996329126, 0.007017553935476937, 0.009610197612741391, -0.011717311827306839, 0.009738213407264665, -0.00212462495609707, 0.005435865689869982, 0.01765546709069003, 0.004304711954501823, 0.0005867203393319828, 0.0018026079515270303, 0.01043932969888802, -0.0025473937662715516, -0.002586285064075855, -0.00023409980202695186, 0.022244906552955617, 0.007178159207594655, 0.002459467050940262, 0.005481194993672227, 0.007872397461196267, 0.0012917557214561454, 0.003953664506154854, 0.007012338366786564, 0.012170962799055496, -0.002260538317559847, 0.009597433663471292, 0.01667768850605149, 0.014930768622163379, -0.004105930579831488, 0.0052914970409585135, 0.007397067819143225, -0.0003021151212439991, -0.007186737946565622, 0.004845795787022107, -0.0064692575943297356, -0.00833330973867073, -0.008402459059028346, -0.001023575567008744, -0.004273051734272724, -0.008674334274865261, -0.0054289029120420905, -0.0019192259309625407, 0.0001060438538063701, -0.00781448239489221, -0.006830787718126262, -0.0018861972640564378, 0.008135469872560483, -0.008928166186521501, -0.004190309589131648, 