{"degrees": 2, "epsilon": 1e-10, "gamma": 0.01, "max_iters": 500, "model": "g", "weights": [0.3264409392722635, 0.01965860406246804, -0.031873303482969864, 0.005795622004034879, 0.010243497524140471, -0.010315142276203677, -0.007601798131511111, 0.0008485803290255962, 0.030247129842132913, -0.0019951579205242822, 0.013511319119878552, -0.02677789290384111, 0.00940391088043412, -0.00023203373928897388, 0.05200529938682659, 0.0007295512038495953, 0.0015864225856161685, 0.016421444220365945, -0.0033183882524669074, 0.00034042972886614295, 0.008851695442736859, -0.00561755122816043, 0.004897114120832304, -0.0016891815469552082, 0.005302604866322031, -0.003138588374722088, 0.003643765646212039, -0.008359700445417608, -0.0024768430136393642, -0.0014714905820448173, 0.0014323478664413185, -0.0076179847559199165, -0.013820614961680643, -0.0018573618199882274, 0.011372997393734706, 0.0010253407901222441, 0.0037795251884915598, -0.00022638369111210256, -0.011943788258026396, -0.006976591609921942, -0.00393936920895542, -0.0006650648268408275, -0.0030464359611580443, 0.006412305709890747, -0.009664525697413133, -0.004397451032557264, -0.010388121957958057, -0.012851795767110942, 0.005653674580287115, -0.004716166668114616, -0.024806298889737913, 0.000189188356027609, 0.0006851785428026427, 0.005359255682409988, 0.00994945175251983, -0.008337513745741352, 0.0037941544531969315, 0.011297906440569406, 0.00028917509036405773, 9.762081108578941e-05, 0.00317224428058616, 0.035262615681267345, -0.014789998783793473, -0.0022098555492550635, -0.018375288465000278, -0.004188698696762824, -0.01531696730639298, -0.050683279945657446, 0.023223460901346055, 0.006766586826851907, 0.011217847659428497, 0.01258122787470003, -0.025421762910289185, -0.008568284228381755, -0.006399795054474656, 0.010206444668064286, 0.01033415787045019, -0.007158591387174423, -0.0067907103421233645, 0.035151867742656114, 0.006692304411344021, 0.0006481143693953668, 0.008566977901826586, -0.01463788381330751, 0.004403078199649684, -0.007178565727812878, -0.02719412199774797, 0.0055602907174770785, -0.0024560077521544707, 0.007464284120880657, -0.002569940555500844, 0.00839632731284439, -0.0056545935379694, -6.592498358718413e-05, 0.0002624498668468876, -0.014083094595435101, -0.006613896334692993, -0.00946188953480202, -0.001243487033821555, 0.0021327890495620025, -0.008263160038627829, -0.02103850320544151, -0.003362365737691785, -0.008345166129304167, -0.022567515034802244, 0.0014528766076367184, -0.006021521878883567, -0.021668086782048526, 0.000888201185590998, 0.00020003110200330482, 0.013617591985325746, 0.004015802161553068, -0.002314827872116151, -0.004058512936177748, -0.0008000228894690586, 0.000990669195118469, 0.005657130827338086, 0.00466503324583125, -0.0006622149279419771, -0.0030764018657835164, -0.00471233186516055, 0.006170661505241603, 0.020499413691877306, 0.003299677038713141, -0.002194061825814089, 0.0023945537858518578, 0.03481547587461187, -0.010731152547839296, -0.00950787444080595, -0.008192090473676167, -0.004893795898106715, 0.000564954202725739, 0.002737138764664968, 0.004529202600734009, 0.0008225775230976953, -0.0056910221404560275, -0.00709640939060139, -0.00414404104310846, -0.0034692744002803593, 0.007557199892789587, -0.0007088362302573642, 0.009954348281758934, -0.007453270137621588, -0.0006108244217619495, -0.0008742161236771247, 0.0056256450227878205, 0.001269402398809246, -0.005731807215064277, 0.014169125799438185, -0.002899220077818273, 0.005605161473205441, -0.011552629519591096, 0.0010124468688651575, 0.025516073655016753, 0.018647660481208313, 0.001482367100159595, -0.002275644833079904, 0.011823925317388172, 0.0018481038206442655, 0.005608552637794497, -0.00036454218988607294, -0.006692861842434087, -0.0009521945988050233, -0.010690199734874086, 0.003045597954502781, 0.00014100075291754825, 0.00764623488774569, -0.0038364633996216613, -8.218309973504722e-05, -0.006852310364992745, -0.00020302008995208857, 0.0004063715971180943, 0.0007333059495911905, 0.0059126250220231085, 0.004623147654029506, -8.883238385879377e-05, 0.0038712869567719475, -0.008456841107028427, 0.007451771519240542, -0.0038648434207900944, 0.006711301688747864, -0.008050520062146075, 0.011129675378079506, 0.005447221503695478, 0.01326072697637281, -0.00042106502248590103, 0.0009905037639708258, -0.0040970632103651625, -0.011110143441689261, -0.001978128202385138, -0.0017295846948037288, -0.003031025139784888, 0.0013326343863791946, 0.0020973211293316583, 0.0035016734150407724, -0.0014117033369327487, -0.0072254805548007455, -0.004257406564046363, 0.0029134536769894435, 0.001797359144572766, -0.01235628993177108, -0.004302662337699425, -0.014025876524499027, 0.014069605880532318, 0.006403168337583063, -0.008964589980517045, -0.003064804581007627, -0.0033666295744742146, -0.00375920294261755, 0.004605152447176543, -0.004474695404215438, 0.003829268780672435, 0.0076838322156532616, -0.0064024981459725894, 0.006505023067682055, -0.01232671948881715, -0.00511001051858068, 0.008656748044194655, 0.0009915791624985637, -0.0004908911510300674, 0.00565925854708679, -0.012081988583857985, 0.012853381767342928, -0.019073528383617328, -0.0074143463368380996, 0.029337029409318507, 0.06072279809235537, 0.005775956935377504, -0.0033199967004340055, 0.003393045927314941, 0.005295178268499153, -0.002379558662378416, -0.029219144132770263, -0.00820912460551307, 0.015933688728716647, 0.0038346813732346658, 0.025165213228619053, -0.0025390068295565774, 0.008908255588228756, 0.003878495890822635, 0.001971935212629024, -0.008043949293024091, -0.0029943272309311316, 0.011937473067002298, 0.0019250408608549273, -0.005712411755376736, -0.01796014298795348, -0.0030140037209919206, 0.010460878392831755, 0.013756639067109786, -0.001288908829734716, -0.0026531300443334706, -0.013628455521661424, -0.006939803026836328, 0.01558606898875814, 0.006214515757930509, -0.008837819646048729, -0.005563220505014301, 0.0034281645494777316, -0.007630630424054476, 0.0004960605982329175, -0.001618869923092644, 0.023402864970395586, 0.00010336786477351628, 0.0009810169114465768, -0.0033744056235213496, 0.0064533402656629674, 0.0052163417093197655, -0.0018093012625226015, -0.009130852344802272, 0.002032354068208037, 0.0003767398982568213, -0.0011762939216918725, 0.002158155737823881, 0.0010880494538936386, 0.0030019645687402673, 0.005199789835029763, -0.007239359204244233, -0.009798024876817146, -0.0027780264314987185, -0.0005725645333720169, -0.005588314958919245, 0.005962547430907687, -0.0031796532407094946, 0.0018399874681238474, -0.0023033130880109297, 0.002434153809515763, -0.005590253656182751, -0.004568242259708753, 0.016444346997299675, 0.0037754370575526146, -0.00345472322844474, 0.004951062583153983, 0.010662611191779735, 0.006451895021275154, 0.0181965171597376, 0.0022070056963275795, -0.005932646471892368, 0.0038657958684644557, -0.005560071996329123, 0.0070175539354769365, 0.009610197612741391, -0.01171731182730684, 0.009738213407264667, -0.0021246249560970664, 0.005435865689869984, 0.01765546709069003, 0.004304711954501822, 0.000586720339331983, 0.0018026079515270292, 0.010439329698888021, -0.0025473937662715516, -0.0025862850640758525, -0.00023409980202695227, 0.022244906552955624, 0.007178159207594655, 0.002459467050940259, 0.005481194993672226, 0.007872397461196263, 0.001291755721456146, 0.003953664506154854, 0.007012338366786565, 0.0121709627990555, -0.002260538317559845, 0.009597433663471296, 0.016677688506051485, 0.014930768622163387, -0.004105930579831487, 0.005291497040958512, 0.0073970678191432266, -0.0003021151212440002, -0.0071867379465656205, 0.004845795787022111, -0.006469257594329737, -0.008333309738670726, -0.008402459059028339, -0.0010235755670087424, -0.004273051734272725, -0.008674334274865261, -0.005428902912042091, -0.0019192259309625422, 0.0001060438538063712, -0.007814482394892214, -0.006830787718126263, -0.0018861972640564382, 0.008135469872560478, -0.008928166186521506, -0.004190309589131651,