{"degrees": 2, "epsilon": 1e-06, "gamma": 1e-14, "model": "gd", "weights": [-2.1526699979583332e-12, 3.3391109804164993e-10, -8.328818263372667e-10, -2.1228119647055943e-10, 1.7480049244329954e-10, 3.7340785888216097e-11, 9.889823337798348e-10, 8.351776879696991e-12, -2.5324100015965915e-13, -1.8045437508382876e-10, -2.668823350130505e-10, -1.94618268867556e-11, 1.7640690917807827e-11, 3.246233585319384e-11, 3.3939094374901503e-10, 3.3672423426552245e-12, -2.9344213096800188e-12, -2.3188057273084486e-10, 5.058021819562763e-12, 4.0431815680856314e-12, -7.126445461576354e-13, 9.265959959651331e-14, -7.694162386422256e-10, -7.970398324049032e-12, -4.841578119962789e-11, -2.1890656875173776e-11, -2.0636655027719915e-11, -9.502173959222601e-11, 3.011299626023198e-11, 2.746235267876379e-11, -3.7439132315062205e-10, -5.87831382850597e-07, -1.7764107423266277e-07, -1.2025027339537247e-07, 8.666635434799663e-08, 7.663040700006833e-10, 2.482620426704994e-07, -4.093042786366523e-09, 7.062740752285355e-11, -5.918476713974664e-08, -4.61128161221413e-08, -1.8531681948638978e-09, 2.180152500430735e-09, -7.292987096586836e-10, 5.174500627895966e-12, -1.2897187837740214e-10, -1.9004655070735436e-09, -6.424037945371731e-08, 7.775486013737884e-10, 1.611461507044639e-11, -2.4754517566094327e-08, 3.5875205210237445e-10, 3.2328463254394225e-08, 4.3308130802003925e-10, 9.434110692726175e-09, -1.171444957960205e-08, -1.0366506004160327e-08, 7.80810531018251e-09, -1.043382707845681e-09, -2.0973814512962877e-09, 1.8122422723141465e-08, -6.992674291699476e-08, -8.92394514982448e-08, -3.22206468315406e-08, 5.36934711430826e-07, 5.292935864954842e-07, 5.362654968377581e-07, -2.148471051502965e-09, -1.4814260367809768e-08, -1.293624513801109e-07, -2.015011805190662e-09, 9.794707090009315e-10, 5.37053074285648e-07, -1.562069824346633e-08, 7.622096759277178e-11, -6.91472816523933e-11, -4.8954881684678704e-08, 2.2437693895999856e-10, -1.0531710237309093e-10, -2.4819053345621506e-08, -4.626597602350128e-11, -1.8976512332258617e-07, -1.040129224890263e-09, 2.6285725962207785e-07, 2.976993930408065e-07, 2.976210656324588e-07, 5.207572771815903e-07, 5.371089710289949e-07, 5.369911417758827e-07, -6.47868115393364e-08, -1.1523281055381066e-07, 3.561676075157438e-09, 4.530450984903295e-08, 1.4993540309214374e-07, 4.263628260550445e-08, -1.181893818667793e-09, -1.7471369799798228e-08, -5.966817808795958e-08, -1.8848535302892224e-09, 1.5643158789143e-09, 4.480250674450795e-08, 1.7626213902575538e-08, 1.8411270175751528e-10, -3.5848954263235707e-10, -3.881980594523121e-08, 4.80655775494608e-10, 1.6803636829438683e-10, -1.299114775995258e-08, 7.077686382840479e-11, -9.607527593825772e-08, -6.580156072152164e-10, -5.085691055495313e-09, 5.387411039819384e-09, 5.423009582526154e-09, 3.480134946283383e-08, 4.474005900389821e-08, 4.4361639698423026e-08, -3.847446442446635e-08, 1.0546753213331406e-07, -4.7723149389079404e-08, 1.1801460398709821e-07, -5.0235750586708694e-08, 2.543869589921683e-10, -5.231937669292028e-09, 1.2468304146570398e-07, -6.455773823857918e-10, 1.45773432317134e-09, -4.844363731743437e-08, 3.745917821564604e-08, 1.9148181229860907e-11, 1.9390949617533155e-10, 6.0782957912905275e-09, 1.1477303387547922e-10, 4.113318624113599e-10, 5.652619488900631e-08, 3.944067336924866e-10, 9.835007688153927e-08, 4.101318240982977e-11, 9.891729096979147e-08, 2.5005271686184466e-08, 2.456169075454887e-08, -2.7783907017866945e-08, -4.905658266037397e-08, -4.887285489303475e-08, 8.114563727278466e-08, -2.9714897658903944e-08, -2.2538961525823775e-08, -2.985435868533148e-08, -4.061843717415423e-09, 1.0648314437208486e-08, -2.277970567522034e-07, 1.1476650835718285e-08, -1.0056164102149917e-08, -2.975790964733959e-08, -2.6545728376739744e-07, -1.9961917847624965e-09, 3.081607760403909e-09, 1.0889318900075438e-07, -3.211562130519192e-09, -5.548234648082717e-10, -1.2721650305314149e-09, 4.023488722369167e-09, -1.4106235269567867e-07, 5.5372624595235654e-11, -5.404477863856341e-08, 2.1383455370097692e-08, 1.6282487712939942e-08, -2.9509422260930387e-08, -2.977343493100373e-08, -2.978365128338111e-08, -7.123377807167827e-08, 2.9662950659846847e-07, -3.899798846318135e-08, -1.2342737298196543e-09, -2.3408842272552674e-09, -7.054474239093598e-08, 1.1979693700480683e-08, -7.362890775021975e-09, -2.792381594026956e-08, -1.7556103668185384e-07, -1.65058635979658e-09, 2.585255640456703e-09, 1.5943550760915103e-07, -2.7445477865607003e-09, 2.031586512392533e-09, 7.254289950445245e-08, 5.825832466175729e-09, -1.9991280866882774e-08, 7.829582993888492e-10, 3.5478767014029954e-08, 2.1688262370904815e-08, 1.4895705144463254e-08, -1.9228019272552645e-08, -3.063789442201985e-08, -3.0301164906266696e-08, -5.44196637398364e-08, -2.9725179896383248e-08, -4.1371388331357036e-09, 1.0408478473190767e-08, -2.333518283202763e-07, 1.1443460155652797e-08, -1.009407807219108e-08, -2.978877487000505e-08, -2.669779046347665e-07, -1.99506207656382e-09, 3.0849748023086493e-09, 1.0756604855300056e-07, -3.2138558145035464e-09, -5.833486868739331e-10, -2.3764783331132996e-09, 4.01167338427409e-09, -1.4727831171652917e-07, 4.529161412201489e-12, -5.611294461331368e-08, 2.1388806448933128e-08, 1.6285133653990323e-08, -3.063505007828839e-08, -2.976393941123737e-08, -2.9764558842515572e-08, -7.394079011319157e-08, -2.6486184392925533e-12, -3.625831040466329e-10, -5.885280333034541e-10, -4.3724050429802016e-11, 4.0665821987735825e-11, -4.076024701030399e-09, 8.745017996089859e-10, 9.700080675627748e-12, -1.2489576137671517e-11, -5.552776748013006e-10, 1.6478451277923983e-11, 7.83356914983801e-12, -2.6922895189326927e-10, -4.1307733667871686e-12, -1.3524326341626175e-09, -1.4348825774224099e-11, -2.457452916176907e-09, -2.3202732113451354e-09, -2.312446671981923e-09, -4.385762594287473e-09, -4.077937545998458e-09, -4.088705589315359e-09, -9.07747764755372e-10, -5.8861975729870835e-09, -4.736979583272431e-08, -5.609639398744422e-10, 2.2066720433476417e-10, 1.0754427150539555e-08, 1.885471101098659e-09, 7.080588194340813e-11, -2.1703597269654878e-11, -1.1727967762450648e-08, 1.870383773004547e-11, 2.2406736769898862e-11, -1.435436487329778e-09, 1.5453535275760585e-10, -7.635653048169534e-08, -5.125938444852632e-10, 1.3043978873978002e-08, 2.4819963096549138e-08, 2.48924700087952e-08, -7.060410515752818e-10, 1.0936102403168092e-08, 1.0753791392194292e-08, -3.7527272344335e-08, -5.5706033192185744e-08, -3.1198914014120983e-09, 3.195448874938263e-09, -2.2873426564674412e-07, 6.500028407869613e-08, 4.4069267603223334e-10, 1.3178928097085797e-10, -3.747667108952644e-08, 4.932038430182384e-10, 9.647077077208368e-10, 6.215902514230523e-08, 1.120353360782869e-09, -1.5570181925346562e-07, -2.0718271478991244e-09, -7.460822136263374e-08, -1.0625085445476129e-07, -1.0682605988684714e-07, -2.606687079512956e-07, -2.2945684150975797e-07, -2.2943379044201188e-07, -8.322945153335542e-08, -6.044762744414256e-11, 2.7570672556247153e-11, 1.147694782828934e-08, -2.3185894263294582e-10, 6.150342122745191e-12, -7.2449603467555566e-12, -1.303236238412554e-09, 1.1288681585628277e-11, 3.993848709398247e-12, -4.425149639008596e-10, 4.3030518662944835e-13, -4.740493564297183e-09, -2.7743523307746004e-11, 5.526044118085549e-09, 6.265571979509687e-09, 6.266911373542496e-09, 1.1066367205892187e-08, 1.1477116158968333e-08, 1.1470970266692025e-08, -1.584794770900621e-09, 6.8246616775628865e-12, -1.0072915830453878e-08, 6.795630942200041e-10, -1.1303840837300371e-12, 7.548697023309457e-12, 8.861791695255803e-10, -1.9564472651910466e-12, 3.057420326469188e-12, 8.819305286205871e-10, 6.76101503213621e-12, 4.166801274761068e-09, 2.202951469933662e-11, -2.03439394715977e-09, -3.222178239735024e-09, -3.2238661281496978e-09, -9.668214887310738e-09, -1.0076772635189211e-08, -1.0080496022558252e-08, 1.6297072007667926e-09, -2.9769862157406528e-08, -2.65941474558502e-07, -1.9983166803241e-09, 3.0832389293470594e-09, 1.0868233881472457e-07, -3.2154804407545716e-09, 