{"degrees": 1, "model": "least_squares", "weights": [0.32859999998676526, 0.005967418373336095, -0.13239681908199533, -0.12369947280297901, -0.0211897186503217, 0.02858616125167285, 0.020301160985908406, -0.0032589546231148797, 0.12471773890630834, -0.006089915192204217, -2047.724589456721, -0.08069125749662158, 0.06888864331703069, 0.03730890606306996, 366.712767835946, 0.005801562517566346, -0.0011315243070347443, 370.76072325408154, 0.013211887975740534, 0.005842255438819463, 0.05999370373249573, -0.00389109004265578, -0.033547624604072894, 0.05460339123350219, 0.009584227998461033, -0.016866127647557117, -0.0014218859462683377, -0.0101758609318395, 0.001116841519016687, -0.0033868427848314517, 1756.5783064345962]}