{"degrees": 1, "epsilon": 1e-10, "gamma": 0.03, "max_iters": 500, "model": "gd", "weights": [0.3285999201022184, -0.00492569632973772, -0.12780196244986775, -0.0961660664057333, -0.00490001397611629, 0.028689908292268185, 0.020603886492348504, -0.0035605998633161736, 0.11214555842012056, -0.008567626640783537, 0.02281533325058204, -0.060393966891254, 0.06860510918899544, 0.03762760400076287, 0.09976571307453898, 0.006302588311998264, -0.0017236689972641155, 0.1073214355722221, 0.012490345220034716, 0.005781463293626737, 0.05143731495003939, -0.0036523869326705134, -0.0296870794109133, 0.02315930007187055, -0.015429441127361065, -0.017143178106319382, -0.001970860233402337, -0.0210400724460604, 0.0011517193164651113, -0.0030158193037398834, -0.01686743812029795]}