{"batch_size": 1, "degrees": 2, "gamma": 1e-05, "lambda_": 0.1, "max_iters": 1200, "num_batches": 1, "threshold": 1e-08, "model": "regularized_logistic", "weights": [-1.1622264832567124, 0.2434628060942438, -0.13664345998400534, 0.06926979700795542, 0.09499949450875537, -0.16424269190401686, -0.09602204272447379, 0.0036161774979519383, 0.3540541833265101, 0.01372855426859491, 0.10583011878060461, -0.18983358489433141, 0.02730443125132112, -0.07861253750590895, 0.37900955008493536, 0.009901660845186783, 0.013869159556984367, 0.22578980999008794, -0.0225035601459863, 0.029122855719385315, 0.07686169837128867, -0.04795983117602806, 0.03975456883493399, 0.005596780406773501, 0.013021515344623267, -0.01454199739413533, 0.025708826758692436, -0.10974666967283847, -0.04239563612712505, -0.003626902664924106, -0.003367625595969659, -0.37586455439963057, -0.22478775000942997, -0.3453395060427127, 0.12024784393279377, 0.015400169582477218, 0.08009450739498523, 0.013329293076719971, -0.19538373642881363, -0.035619237698280334, -0.011542431696495017, -0.052468840006043196, 0.04853596320833414, 0.07599520042513287, -0.044732363028824156, -0.0421943671097919, -0.032975486687015165, -0.14392225750656332, 0.02700721893742313, -0.060604285587967134, -0.23965267065907872, 0.014887380065383803, 0.017906818431787572, 0.11932847193292925, 0.09560891320975733, -0.10674386477143519, 0.049695764690012946, 0.13541498954662748, 0.00885189552219026, -0.03036097203185692, 0.0580968376904475, 0.2770729749407674, -0.276756218134551, -0.06684533579310738, -0.06582811682982735, -0.05494478825121122, -0.08579767543103539, -0.3480544423363617, 0.17952236701047605, 0.05751729994676463, 0.049738364873660276, 0.1372240365361631, -0.11876852132291228, 0.11504353765401186, -0.054684365840383616, 0.0546443676152179, 0.14583294463608484, 0.006149428486189844, -0.035374135119805354, 0.23834721441554257, 0.01612502315032393, 0.02579117798604017, 0.05773990545069645, -0.1352891894880905, 0.045593274813738975, -0.07494906368990105, -0.1623119471230358, 0.018492910807081098, -0.002086221543208608, -0.02702566741710103, -0.40060187088717764, 0.0609843360169694, -0.045631034637296196, 0.05219739682512256, -0.008573876949013171, -0.27958312331499424, -0.10274883876351948, -0.09590770187988096, -0.10769549822994488, 0.06296924564169568, -0.04522407584215741, -0.15378736533376547, -0.02695162470613149, -0.03384936347995486, -0.2558706096228644, -0.011448701153641112, -0.07564212438293581, -0.2936227434742119, 0.0322564120269899, -0.02955097991404684, 0.1498663901269488, 0.01071957760863939, -0.0026138276880442045, -0.012366934122434906, -0.027378494293591276, 0.03396926676102344, 0.03535049284275374, 0.034265406993443735, -0.01788142873931499, -0.022217723236491776, -0.002654390757032002, 0.04743324428079924, 0.2842135216902085, 0.0671025854180799, -0.004388037635853717, 0.03205551282455624, 0.2841035021520375, -0.07524321520074574, -0.10667329043202398, -0.05955357923519376, -0.04914622794833568, -0.028370585578439664, 0.04204256900095399, 0.02843726119559327, 0.011228308713381333, -0.041160543351775804, -0.04935955945261857, -0.013692834282046927, -0.01592364068248636, 0.08624581461524328, -0.019723033878190598, 0.12675035705784726, -0.07548165608577945, -0.014147684253181176, 0.025649375006529675, 0.003730949586263699, 0.02145812190195274, -0.07013650308164304, 0.12911095057488206, 0.0041747959792701, 0.04175459115100457, -0.11214335305398214, -0.028677962317391566, 0.1643839995542124, 0.12983294433408415, 0.02730806442041306, -0.03795880817730895, 0.12836580383678253, 0.009847713158026366, 0.0643667258753179, -0.028980569701683896, -0.0637817989669253, -0.023783066047314484, -0.11846970264900963, -0.00597739895597656, 0.010445131263996049, 0.08211850221897762, -0.07415406483347849, 0.005176176077871141, -0.0693696465830738, -0.009037063328612571, 0.04416299019289038, -0.06070463206688126, 0.09049600211914449, 0.021782975239517683, 0.009817026944019865, -0.0005606866556356527, -0.06796565497292405, 0.08401686995288095, 0.021865495465882043, 0.05579048901585567, -0.0563712731857679, 0.12538481992961936, 0.04932481531508763, 0.12810101306939128, 0.00024838953539993663, 0.0070610881414263395, -0.04039870561797065, -0.12416638540549897, -0.00995605396721991, -0.02552422750505837, -0.022368285996207438, 0.0012371244076074582, 0.033435280013598946, 0.02659961455039757, -0.015899820037077742, -0.0559881535204234, -0.052515008174580255, 0.03261388120382585, 0.0075627164548177925, -0.047789878878026264, -0.08861283576071816, -0.11278358259700913, 0.0521511650356516, 0.06989394964134897, -0.09963986606129886, -0.024220930516408487, -0.04497982021689513, -0.04148769778403412, 0.06165446141823335, -0.05437205669127612, 0.04180839215572649, 0.06964763981127534, -0.056070459561856356, 0.06398107735949095, -0.13545191457842345, -0.026951223624684603, 0.01741624548326198, 0.004272407927169506, 0.0036830342977536637, 0.046689749240244174, -0.06788204664818608, 0.1276027931172239, -0.10480374744305124, -0.09341917526527367, 0.24736699727378353, 0.4989932938937273, 0.05479360546736815, -0.041370865963523684, 0.12412127029646908, 0.02744883555473642, 0.008643851680413128, -0.2560486562538139, -0.08249351179116991, 0.16089074953736116, 0.050948813591834965, 0.27524778243001524, -0.00917497529588947, 0.07954486501687566, 0.04336309386950967, -0.007179827542645602, -0.057511052650474036, -0.03255260094947934, 0.10310908046430041, 0.0010202046311808763, -0.027070660095088198, -0.08200101512415366, -0.006717153653710761, 0.08283958529614176, 0.14422338092443238, 0.00034147670226569927, -0.04709847975378402, -0.12259912832905498, -0.06413068250176743, 0.14661061761507954, 0.05772894843323012, -0.09831875413772326, 0.0032282788066839833, 0.01970123061238139, -0.05391878537118471, 0.003843604172602057, -0.04671321893557937, 0.20386275327119519, 0.007986898995364264, -0.005544100276294243, -0.03804074930864524, 0.04801527825044178, 0.016707415018145006, -0.010602562471409449, -0.06525084950345308, 0.008799870659545033, 0.004975923100741485, -0.02348999195481393, 0.015334560085505015, -0.016106529928831544, 0.04564103563792808, 0.04574680802568845, -0.07432034852739261, -0.08615821959014251, -0.015899972821065967, -0.011409919749555448, -0.04313524941018276, 0.030060668207792265, -0.006350686177913793, 0.018399492138985223, -0.03143375821414115, -0.004274299807840305, 0.0035180225653374643, -0.024783708069954266, 0.22605635382941425, 0.037831750790274975, -0.04845017886453055, 0.03187378038783508, 0.07243297293042354, 0.08455826063648095, 0.06775146823349491, 0.014725404475730038, -0.054733489729069836, 0.06324137653774983, -0.06731905860600076, 0.05932840466430941, 0.06511905796756533, -0.08100379657569928, 0.06855564170761584, -0.0017828547298360767, 0.03281872736621125, 0.05575904288992313, -0.01597724521932655, -0.09686283371129413, 0.025271703854459558, 0.07909383154499855, -0.0781848490572212, -0.05249897857101057, 0.020835792610119475, 0.18406422388550217, 0.05000007426364254, -0.016450097311918203, 0.04079073052834587, 0.03789486936521315, 0.024651732311545126, 0.03530292973487292, 0.031229848123299674, 0.08102093899876985, 0.00738685985600076, 0.1011942414865244, 0.1038047528223498, 0.05857639503577765, -0.04335862739183884, 0.07240260085284546, 0.11060293181758031, -0.0020678348670128193, -0.06358343643350016, 0.05363687742968412, -0.03829313825459735, -0.06886489176751273, -0.10715702746452087, -0.011530409410986535, -0.025812697345137085, -0.10036859430547723, -0.046202144953645476, -0.00720217024721405, -0.00112173464374599, -0.056182897444828725, -0.0739672612128494, -0.017497549542878566, 0.08044296041445115, -0.03790090347139592, -0.03180835354705302, -0.029526345038270105, 0.065002088758205, 0.13364312151676527, -0.03265200188995661, -0.043542889003573726, 0.005125278114978956, 0.04762212233228312, -0.16202233173630665, 0.08948321459008912, -0.07632458209803056, -0.002894560171405482, -0.057686116988051726, 